<?xml version="1.0" encoding="UTF-8"?>
<jcr:root
    xmlns:granite="http://www.adobe.com/jcr/granite/1.0"
    xmlns:sling="http://sling.apache.org/jcr/sling/1.0"
    xmlns:cq="http://www.day.com/jcr/cq/1.0"
    xmlns:jcr="http://www.jcp.org/jcr/1.0"
    xmlns:nt="http://www.jcp.org/jcr/nt/1.0"
    jcr:primaryType="nt:unstructured"
    jcr:title="My Title"
    extraClientlibs="[cq.authoring.dialog.all]"
    sling:resourceType="cq/gui/components/authoring/dialog">
    <content
        jcr:primaryType="nt:unstructured"
        sling:resourceType="granite/ui/components/coral/foundation/container">
        <items jcr:primaryType="nt:unstructured">
            <column
                jcr:primaryType="nt:unstructured"
                sling:resourceType="granite/ui/components/coral/foundation/container">
                <items jcr:primaryType="nt:unstructured">
                    <title
                        jcr:primaryType="nt:unstructured"
                        sling:resourceType="granite/ui/components/coral/foundation/form/textfield"
                        name="./myTitle"
                        fieldLabel="this is custom title"
                        fieldDescription="Provide custom title"
                        required="{Boolean}true">
                        <granite:data
                            jcr:primaryType="nt:unstructured"
                            should-contain="aem" />
                    </title>
                    <linkPath
                        jcr:primaryType="nt:unstructured"
                        sling:resourceType="granite/ui/components/coral/foundation/form/pathfield"
                        name="./linkPath"
                        fieldLabel="Link path"
                        fieldDescription="Provide link path here"
                        required="{Boolean}true"
                        rootPath="/content" />
                    <target
                        jcr:primaryType="nt:unstructured"
                        sling:resourceType="granite/ui/components/coral/foundation/form/select"
                        name="./target"
                        fieldDescription="Specifies the way of opening this page when the label is clicked"
                        fieldLabel="Open in">
                        <items jcr:primaryType="nt:unstructured">
                            <sameTab
                                jcr:primaryType="nt:unstructured"
                                text="Same Tab"
                                value="On Same Page"
                                selected="{Boolean}true" />
                            <newTab
                                jcr:primaryType="nt:unstructured"
                                text="New Tab"
                                value="On New Page" />
                        </items>
                    </target>
                    <externalLink
                        jcr:primaryType="nt:unstructured"
                        sling:resourceType="granite/ui/components/coral/foundation/form/checkbox"
                        name="./external"
                        text="External link"
                        value="{Boolean}true"
                        uncheckedValue="{Boolean}false" />
                </items>
            </column>
        </items>
    </content>
</jcr:root>
